model,max_len,fiqa/acc,fpb/acc,tfns/acc,nwgi/acc
mamba_l_mt_0,512,0.0945,0.6015,0.6595,0.4183
mamba_m_mqsq_1_b_mt_2,512,0.1164,0.5817,0.6415,0.3870
mamba_m_mt_0,512,0.0873,0.6023,0.6570,0.4154
mamba_m_mt_1,512,0.0873,0.6040,0.6570,0.4151
mamba_m_mt_2,512,0.0945,0.6073,0.6591,0.4191
mamba_s_mt+_0,512,0.1745,0.6122,0.6625,N/A
mamba_s_mt_0,512,0.1745,0.6147,0.6721,0.4181
mamba_s_mt_1,512,0.0945,0.6056,0.6583,0.4181
mamba_s_mt_2,512,0.0945,0.6040,0.6583,0.4169
pythia_l_mt_0,512,0.3709,0.6881,0.7161,0.4821
pythia_l_mt_1,512,0.3927,0.6691,0.6587,0.4544
pythia_l_mt_2,512,0.4327,0.5734,0.5331,0.4475
pythia_m_mt+_0,512,0.2909,0.5924,0.6654,0.4388
pythia_m_mt_0,512,0.3236,0.6337,0.6843,0.4724
pythia_m_mt_1,512,0.2109,0.6007,0.6503,0.4253
pythia_m_mt_2,512,0.1600,0.5446,0.5984,0.3949
pythia_ms_mt+_0,512,0.2509,0.6312,0.6625,0.4505
pythia_ms_mt+_3,512,0.2945,0.6658,0.6600,0.4460
pythia_ms_mt_0,512,0.3273,0.6914,0.7102,0.4754
pythia_ms_mt_2,512,0.1636,0.6271,0.6621,0.4334
pythia_s_mt+_1,512,0.1527,0.6048,0.6537,0.4215
pythia_s_mt+_2,512,0.1855,0.6106,0.6637,0.4131
pythia_s_mt_0,512,0.4327,0.7401,0.7580,0.5031
pythia_s_mt_2,512,0.4509,0.5140,0.5054,0.4453
